user_id,post_id,time
100001519055568,6726174710786118,2022-02-06 17:30:48
100001519055568,6825858720817716,2022-02-25 09:56:05
100033982608770,6821126851290903,2022-02-24 11:07:16
100022158352693,6828074313929490,2022-02-25 20:40:54
100022158352693,6798921736844748,2022-02-20 06:33:23
765519770,6829970597073195,2022-02-26 06:12:43
100002864844058,6827312864005635,2022-02-25 17:21:10
100004047862806,6825785930824995,2022-02-25 09:34:19
100001623945149,6828529147217340,2022-02-25 22:42:00
100007140434509,6821866327883622,2022-02-24 14:56:46
100044087823048,6826139704122951,2022-02-25 11:21:25
100007140434509,6826082584128663,2022-02-25 11:03:41
100002864844058,6826095410794047,2022-02-25 11:07:46
100001416837096,6810278575709064,2022-02-22 10:49:32
100004047862806,6822636704473251,2022-02-24 18:27:44
100005532278486,6789822574421331,2022-02-18 14:33:00
100003022120107,6828510893885832,2022-02-25 22:36:54
100022158352693,5528404707229797,2021-07-10 10:25:07
100041682163520,6303498093053784,2021-12-04 21:21:55
100044087823048,6825890094147912,2022-02-25 10:05:30
100041843625742,6722794124457510,2022-02-06 00:39:51
100041843625742,6826740194062902,2022-02-25 14:24:29
100070866484185,6807586109311644,2022-02-21 22:21:39
100007698490026,6827038710699717,2022-02-25 15:58:50
100002913724019,6816975695039352,2022-02-23 16:58:31
100055393518192,6812812538789001,2022-02-22 21:47:56
100000330669993,4754642514606024,2021-01-27 00:17:04
100054081922742,6826424970761091,2022-02-25 12:51:42
100037944077637,6827177307352524,2022-02-25 16:42:51
100000736985595,6818249868245268,2022-02-23 21:48:02
100000180737352,6823967981006790,2022-02-25 00:15:25
100003837113028,6810845308985724,2022-02-22 13:38:22
100054482960318,6816495825087339,2022-02-23 14:50:21
100005838162827,6707326989337557,2022-02-03 07:46:11
100012480271210,6807755335961388,2022-02-21 23:00:14
100003902172121,6823272297743025,2022-02-24 21:13:53
100007818585779,6821013664635555,2022-02-24 10:34:10
100001882287368,6822379594498962,2022-02-24 17:19:20
100044087823048,6527780937292164,2022-01-08 19:19:22
100035568637543,6823062591097329,2022-02-24 20:19:56
100007698490026,6826578484079073,2022-02-25 13:37:00
100005532278486,6825785237491731,2022-02-25 09:34:07
100022158352693,6810478029022452,2022-02-22 11:48:21
100007140434509,6810452265691695,2022-02-22 11:40:42
100002535447303,6821330044603917,2022-02-24 12:11:22
100001623945149,6753697781367144,2022-02-11 20:42:47
101891787912614,6826201250783463,2022-02-25 11:41:17
100001519055568,6823022291101359,2022-02-24 20:09:28
100044087823048,6825322980871290,2022-02-25 07:06:34
100074832584245,6818129344923987,2022-02-23 21:22:29
100003105400797,6810855428984712,2022-02-22 13:41:34
100004047862806,6823981011005487,2022-02-25 00:19:06
100004047862806,6809904582413130,2022-02-22 09:07:49
112638080619689,6821546171248971,2022-02-24 13:20:37
100002535447303,6817206871682901,2022-02-23 17:52:35
100001623945149,6806077886129133,2022-02-21 16:09:35
100017286781199,6816466165090305,2022-02-23 14:41:58
100044087823048,6820508311352757,2022-02-24 08:09:44
100063733533861,6823706914366230,2022-02-24 23:06:01
100047252919961,6812786772124911,2022-02-22 21:42:31
639162700,6825227397547515,2022-02-25 06:32:47
